,monthid,method,spot,districtid
0,1.0,neighborhood,hot,103.0
1,1.0,neighborhood,hot,105.0
2,1.0,neighborhood,hot,172.0
3,1.0,neighborhood,hot,209.0
4,1.0,neighborhood,hot,215.0
5,1.0,neighborhood,hot,244.0
6,1.0,neighborhood,hot,269.0
7,1.0,neighborhood,hot,294.0
8,1.0,neighborhood,hot,322.0
9,1.0,neighborhood,hot,335.0
10,1.0,neighborhood,hot,338.0
11,1.0,neighborhood,hot,347.0
12,1.0,neighborhood,hot,375.0
13,1.0,neighborhood,hot,441.0
14,1.0,neighborhood,hot,451.0
15,1.0,neighborhood,hot,463.0
16,1.0,neighborhood,hot,484.0
17,1.0,neighborhood,hot,512.0
18,1.0,neighborhood,hot,537.0
19,1.0,neighborhood,hot,548.0
20,1.0,neighborhood,hot,549.0
21,1.0,neighborhood,hot,563.0
22,1.0,neighborhood,hot,575.0
23,1.0,neighborhood,cold,729.0
24,2.0,neighborhood,hot,102.0
25,2.0,neighborhood,hot,103.0
26,2.0,neighborhood,cold,104.0
27,2.0,neighborhood,hot,107.0
28,2.0,neighborhood,hot,109.0
29,2.0,neighborhood,cold,118.0
30,2.0,neighborhood,hot,119.0
31,2.0,neighborhood,cold,120.0
32,2.0,neighborhood,hot,123.0
33,2.0,neighborhood,hot,131.0
34,2.0,neighborhood,hot,134.0
35,2.0,neighborhood,hot,143.0
36,2.0,neighborhood,hot,152.0
37,2.0,neighborhood,hot,156.0
38,2.0,neighborhood,hot,158.0
39,2.0,neighborhood,hot,170.0
40,2.0,neighborhood,hot,172.0
41,2.0,neighborhood,cold,173.0
42,2.0,neighborhood,cold,179.0
43,2.0,neighborhood,hot,185.0
44,2.0,neighborhood,cold,200.0
45,2.0,neighborhood,cold,201.0
46,2.0,neighborhood,hot,209.0
47,2.0,neighborhood,hot,214.0
48,2.0,neighborhood,hot,215.0
49,2.0,neighborhood,hot,234.0
50,2.0,neighborhood,hot,238.0
51,2.0,neighborhood,hot,242.0
52,2.0,neighborhood,hot,244.0
53,2.0,neighborhood,cold,265.0
54,2.0,neighborhood,cold,267.0
55,2.0,neighborhood,hot,269.0
56,2.0,neighborhood,hot,272.0
57,2.0,neighborhood,hot,280.0
58,2.0,neighborhood,hot,294.0
59,2.0,neighborhood,hot,305.0
60,2.0,neighborhood,hot,306.0
61,2.0,neighborhood,hot,308.0
62,2.0,neighborhood,hot,309.0
63,2.0,neighborhood,hot,312.0
64,2.0,neighborhood,cold,319.0
65,2.0,neighborhood,hot,322.0
66,2.0,neighborhood,cold,323.0
67,2.0,neighborhood,hot,334.0
68,2.0,neighborhood,hot,335.0
69,2.0,neighborhood,hot,336.0
70,2.0,neighborhood,hot,338.0
71,2.0,neighborhood,hot,340.0
72,2.0,neighborhood,hot,347.0
73,2.0,neighborhood,hot,349.0
74,2.0,neighborhood,hot,358.0
75,2.0,neighborhood,hot,363.0
76,2.0,neighborhood,hot,366.0
77,2.0,neighborhood,hot,371.0
78,2.0,neighborhood,hot,375.0
79,2.0,neighborhood,hot,377.0
80,2.0,neighborhood,hot,379.0
81,2.0,neighborhood,hot,396.0
82,2.0,neighborhood,cold,407.0
83,2.0,neighborhood,hot,414.0
84,2.0,neighborhood,hot,417.0
85,2.0,neighborhood,hot,420.0
86,2.0,neighborhood,hot,421.0
87,2.0,neighborhood,cold,428.0
88,2.0,neighborhood,hot,429.0
89,2.0,neighborhood,cold,432.0
90,2.0,neighborhood,hot,439.0
91,2.0,neighborhood,hot,441.0
92,2.0,neighborhood,hot,450.0
93,2.0,neighborhood,hot,451.0
94,2.0,neighborhood,hot,453.0
95,2.0,neighborhood,hot,455.0
96,2.0,neighborhood,hot,463.0
97,2.0,neighborhood,hot,470.0
98,2.0,neighborhood,hot,475.0
99,2.0,neighborhood,hot,481.0
100,2.0,neighborhood,hot,484.0
101,2.0,neighborhood,hot,486.0
102,2.0,neighborhood,cold,489.0
103,2.0,neighborhood,hot,495.0
104,2.0,neighborhood,hot,498.0
105,2.0,neighborhood,cold,506.0
106,2.0,neighborhood,hot,507.0
107,2.0,neighborhood,hot,512.0
108,2.0,neighborhood,hot,529.0
109,2.0,neighborhood,cold,534.0
110,2.0,neighborhood,hot,537.0
111,2.0,neighborhood,cold,545.0
112,2.0,neighborhood,hot,548.0
113,2.0,neighborhood,hot,549.0
114,2.0,neighborhood,hot,553.0
115,2.0,neighborhood,hot,557.0
116,2.0,neighborhood,hot,563.0
117,2.0,neighborhood,hot,566.0
118,2.0,neighborhood,cold,569.0
119,2.0,neighborhood,hot,571.0
120,2.0,neighborhood,hot,575.0
121,2.0,neighborhood,cold,578.0
122,2.0,neighborhood,hot,585.0
123,2.0,neighborhood,hot,589.0
124,2.0,neighborhood,hot,604.0
125,2.0,neighborhood,hot,613.0
126,2.0,neighborhood,cold,615.0
127,2.0,neighborhood,cold,628.0
128,2.0,neighborhood,hot,638.0
129,2.0,neighborhood,hot,651.0
130,2.0,neighborhood,hot,657.0
131,2.0,neighborhood,hot,659.0
132,2.0,neighborhood,hot,660.0
133,2.0,neighborhood,hot,702.0
134,2.0,neighborhood,hot,705.0
135,2.0,neighborhood,cold,712.0
136,2.0,neighborhood,cold,713.0
137,2.0,neighborhood,hot,716.0
138,2.0,neighborhood,cold,718.0
139,2.0,neighborhood,hot,724.0
140,2.0,neighborhood,cold,729.0
141,2.0,neighborhood,hot,730.0
142,3.0,neighborhood,hot,102.0
143,3.0,neighborhood,hot,103.0
144,3.0,neighborhood,hot,107.0
145,3.0,neighborhood,hot,108.0
146,3.0,neighborhood,cold,110.0
147,3.0,neighborhood,cold,111.0
148,3.0,neighborhood,hot,114.0
149,3.0,neighborhood,cold,115.0
150,3.0,neighborhood,hot,116.0
151,3.0,neighborhood,cold,118.0
152,3.0,neighborhood,hot,119.0
153,3.0,neighborhood,cold,120.0
154,3.0,neighborhood,hot,123.0
155,3.0,neighborhood,cold,127.0
156,3.0,neighborhood,hot,129.0
157,3.0,neighborhood,cold,130.0
158,3.0,neighborhood,cold,132.0
159,3.0,neighborhood,hot,134.0
160,3.0,neighborhood,hot,142.0
161,3.0,neighborhood,hot,143.0
162,3.0,neighborhood,cold,148.0
163,3.0,neighborhood,hot,149.0
164,3.0,neighborhood,cold,153.0
165,3.0,neighborhood,hot,154.0
166,3.0,neighborhood,hot,157.0
167,3.0,neighborhood,cold,163.0
168,3.0,neighborhood,hot,166.0
169,3.0,neighborhood,hot,169.0
170,3.0,neighborhood,hot,172.0
171,3.0,neighborhood,cold,174.0
172,3.0,neighborhood,hot,176.0
173,3.0,neighborhood,hot,185.0
174,3.0,neighborhood,hot,192.0
175,3.0,neighborhood,cold,196.0
176,3.0,neighborhood,cold,199.0
177,3.0,neighborhood,cold,200.0
178,3.0,neighborhood,cold,206.0
179,3.0,neighborhood,hot,209.0
180,3.0,neighborhood,hot,211.0
181,3.0,neighborhood,cold,212.0
182,3.0,neighborhood,cold,213.0
183,3.0,neighborhood,hot,214.0
184,3.0,neighborhood,hot,215.0
185,3.0,neighborhood,cold,220.0
186,3.0,neighborhood,hot,227.0
187,3.0,neighborhood,hot,228.0
188,3.0,neighborhood,cold,230.0
189,3.0,neighborhood,cold,233.0
190,3.0,neighborhood,cold,235.0
191,3.0,neighborhood,hot,242.0
192,3.0,neighborhood,hot,243.0
193,3.0,neighborhood,hot,244.0
194,3.0,neighborhood,hot,247.0
195,3.0,neighborhood,hot,250.0
196,3.0,neighborhood,hot,252.0
197,3.0,neighborhood,hot,259.0
198,3.0,neighborhood,cold,262.0
199,3.0,neighborhood,hot,265.0
200,3.0,neighborhood,hot,267.0
201,3.0,neighborhood,cold,268.0
202,3.0,neighborhood,hot,269.0
203,3.0,neighborhood,hot,272.0
204,3.0,neighborhood,hot,274.0
205,3.0,neighborhood,cold,291.0
206,3.0,neighborhood,cold,293.0
207,3.0,neighborhood,hot,294.0
208,3.0,neighborhood,cold,297.0
209,3.0,neighborhood,hot,302.0
210,3.0,neighborhood,hot,307.0
211,3.0,neighborhood,hot,308.0
212,3.0,neighborhood,hot,315.0
213,3.0,neighborhood,hot,316.0
214,3.0,neighborhood,cold,325.0
215,3.0,neighborhood,hot,326.0
216,3.0,neighborhood,hot,327.0
217,3.0,neighborhood,hot,328.0
218,3.0,neighborhood,cold,331.0
219,3.0,neighborhood,hot,335.0
220,3.0,neighborhood,hot,336.0
221,3.0,neighborhood,cold,337.0
222,3.0,neighborhood,hot,338.0
223,3.0,neighborhood,hot,340.0
224,3.0,neighborhood,hot,341.0
225,3.0,neighborhood,hot,347.0
226,3.0,neighborhood,hot,348.0
227,3.0,neighborhood,hot,353.0
228,3.0,neighborhood,hot,357.0
229,3.0,neighborhood,cold,359.0
230,3.0,neighborhood,hot,363.0
231,3.0,neighborhood,hot,366.0
232,3.0,neighborhood,cold,367.0
233,3.0,neighborhood,cold,370.0
234,3.0,neighborhood,hot,377.0
235,3.0,neighborhood,hot,379.0
236,3.0,neighborhood,cold,381.0
237,3.0,neighborhood,cold,382.0
238,3.0,neighborhood,hot,389.0
239,3.0,neighborhood,cold,407.0
240,3.0,neighborhood,hot,409.0
241,3.0,neighborhood,hot,412.0
242,3.0,neighborhood,hot,413.0
243,3.0,neighborhood,cold,416.0
244,3.0,neighborhood,hot,419.0
245,3.0,neighborhood,hot,420.0
246,3.0,neighborhood,hot,424.0
247,3.0,neighborhood,hot,426.0
248,3.0,neighborhood,hot,428.0
249,3.0,neighborhood,hot,429.0
250,3.0,neighborhood,cold,432.0
251,3.0,neighborhood,hot,435.0
252,3.0,neighborhood,cold,436.0
253,3.0,neighborhood,cold,443.0
254,3.0,neighborhood,hot,450.0
255,3.0,neighborhood,hot,451.0
256,3.0,neighborhood,hot,454.0
257,3.0,neighborhood,hot,455.0
258,3.0,neighborhood,cold,458.0
259,3.0,neighborhood,hot,470.0
260,3.0,neighborhood,cold,473.0
261,3.0,neighborhood,hot,475.0
262,3.0,neighborhood,hot,481.0
263,3.0,neighborhood,cold,482.0
264,3.0,neighborhood,hot,484.0
265,3.0,neighborhood,hot,485.0
266,3.0,neighborhood,hot,495.0
267,3.0,neighborhood,hot,496.0
268,3.0,neighborhood,cold,506.0
269,3.0,neighborhood,hot,507.0
270,3.0,neighborhood,hot,509.0
271,3.0,neighborhood,cold,511.0
272,3.0,neighborhood,hot,520.0
273,3.0,neighborhood,hot,537.0
274,3.0,neighborhood,cold,540.0
275,3.0,neighborhood,cold,544.0
276,3.0,neighborhood,cold,545.0
277,3.0,neighborhood,cold,547.0
278,3.0,neighborhood,cold,549.0
279,3.0,neighborhood,cold,551.0
280,3.0,neighborhood,hot,553.0
281,3.0,neighborhood,cold,558.0
282,3.0,neighborhood,cold,559.0
283,3.0,neighborhood,hot,566.0
284,3.0,neighborhood,hot,574.0
285,3.0,neighborhood,hot,575.0
286,3.0,neighborhood,cold,576.0
287,3.0,neighborhood,cold,579.0
288,3.0,neighborhood,hot,585.0
289,3.0,neighborhood,cold,586.0
290,3.0,neighborhood,hot,591.0
291,3.0,neighborhood,cold,594.0
292,3.0,neighborhood,hot,597.0
293,3.0,neighborhood,cold,599.0
294,3.0,neighborhood,cold,602.0
295,3.0,neighborhood,hot,603.0
296,3.0,neighborhood,cold,604.0
297,3.0,neighborhood,cold,613.0
298,3.0,neighborhood,cold,615.0
299,3.0,neighborhood,cold,617.0
300,3.0,neighborhood,hot,618.0
301,3.0,neighborhood,cold,619.0
302,3.0,neighborhood,cold,626.0
303,3.0,neighborhood,hot,628.0
304,3.0,neighborhood,cold,632.0
305,3.0,neighborhood,hot,634.0
306,3.0,neighborhood,cold,637.0
307,3.0,neighborhood,cold,639.0
308,3.0,neighborhood,cold,640.0
309,3.0,neighborhood,cold,641.0
310,3.0,neighborhood,cold,646.0
311,3.0,neighborhood,cold,648.0
312,3.0,neighborhood,hot,651.0
313,3.0,neighborhood,hot,653.0
314,3.0,neighborhood,cold,654.0
315,3.0,neighborhood,hot,657.0
316,3.0,neighborhood,cold,659.0
317,3.0,neighborhood,hot,660.0
318,3.0,neighborhood,cold,662.0
319,3.0,neighborhood,hot,679.0
320,3.0,neighborhood,hot,682.0
321,3.0,neighborhood,hot,684.0
322,3.0,neighborhood,hot,686.0
323,3.0,neighborhood,hot,689.0
324,3.0,neighborhood,cold,692.0
325,3.0,neighborhood,cold,694.0
326,3.0,neighborhood,hot,699.0
327,3.0,neighborhood,hot,702.0
328,3.0,neighborhood,cold,713.0
329,3.0,neighborhood,hot,717.0
330,3.0,neighborhood,cold,718.0
331,3.0,neighborhood,cold,726.0
332,3.0,neighborhood,hot,727.0
333,3.0,neighborhood,cold,728.0
334,3.0,neighborhood,cold,729.0
335,4.0,neighborhood,cold,101.0
336,4.0,neighborhood,hot,103.0
337,4.0,neighborhood,hot,105.0
338,4.0,neighborhood,hot,107.0
339,4.0,neighborhood,cold,110.0
340,4.0,neighborhood,cold,111.0
341,4.0,neighborhood,hot,114.0
342,4.0,neighborhood,cold,115.0
343,4.0,neighborhood,hot,119.0
344,4.0,neighborhood,cold,120.0
345,4.0,neighborhood,hot,122.0
346,4.0,neighborhood,cold,125.0
347,4.0,neighborhood,cold,127.0
348,4.0,neighborhood,cold,129.0
349,4.0,neighborhood,cold,132.0
350,4.0,neighborhood,hot,133.0
351,4.0,neighborhood,hot,134.0
352,4.0,neighborhood,cold,137.0
353,4.0,neighborhood,cold,145.0
354,4.0,neighborhood,hot,147.0
355,4.0,neighborhood,cold,150.0
356,4.0,neighborhood,cold,151.0
357,4.0,neighborhood,cold,152.0
358,4.0,neighborhood,cold,153.0
359,4.0,neighborhood,hot,158.0
360,4.0,neighborhood,hot,160.0
361,4.0,neighborhood,hot,166.0
362,4.0,neighborhood,hot,172.0
363,4.0,neighborhood,cold,174.0
364,4.0,neighborhood,cold,175.0
365,4.0,neighborhood,hot,176.0
366,4.0,neighborhood,hot,178.0
367,4.0,neighborhood,hot,183.0
368,4.0,neighborhood,hot,185.0
369,4.0,neighborhood,cold,187.0
370,4.0,neighborhood,hot,190.0
371,4.0,neighborhood,hot,192.0
372,4.0,neighborhood,cold,193.0
373,4.0,neighborhood,cold,196.0
374,4.0,neighborhood,cold,200.0
375,4.0,neighborhood,cold,206.0
376,4.0,neighborhood,hot,211.0
377,4.0,neighborhood,cold,212.0
378,4.0,neighborhood,hot,214.0
379,4.0,neighborhood,hot,215.0
380,4.0,neighborhood,hot,226.0
381,4.0,neighborhood,hot,228.0
382,4.0,neighborhood,hot,229.0
383,4.0,neighborhood,cold,230.0
384,4.0,neighborhood,cold,235.0
385,4.0,neighborhood,cold,237.0
386,4.0,neighborhood,hot,239.0
387,4.0,neighborhood,cold,240.0
388,4.0,neighborhood,hot,243.0
389,4.0,neighborhood,hot,244.0
390,4.0,neighborhood,cold,245.0
391,4.0,neighborhood,hot,252.0
392,4.0,neighborhood,hot,255.0
393,4.0,neighborhood,cold,262.0
394,4.0,neighborhood,hot,269.0
395,4.0,neighborhood,cold,270.0
396,4.0,neighborhood,hot,272.0
397,4.0,neighborhood,hot,273.0
398,4.0,neighborhood,hot,274.0
399,4.0,neighborhood,cold,283.0
400,4.0,neighborhood,cold,291.0
401,4.0,neighborhood,hot,294.0
402,4.0,neighborhood,cold,297.0
403,4.0,neighborhood,hot,309.0
404,4.0,neighborhood,cold,318.0
405,4.0,neighborhood,cold,329.0
406,4.0,neighborhood,cold,331.0
407,4.0,neighborhood,cold,334.0
408,4.0,neighborhood,hot,335.0
409,4.0,neighborhood,hot,336.0
410,4.0,neighborhood,hot,338.0
411,4.0,neighborhood,cold,339.0
412,4.0,neighborhood,hot,341.0
413,4.0,neighborhood,hot,343.0
414,4.0,neighborhood,hot,347.0
415,4.0,neighborhood,hot,348.0
416,4.0,neighborhood,cold,349.0
417,4.0,neighborhood,cold,350.0
418,4.0,neighborhood,hot,353.0
419,4.0,neighborhood,hot,358.0
420,4.0,neighborhood,cold,359.0
421,4.0,neighborhood,hot,363.0
422,4.0,neighborhood,hot,366.0
423,4.0,neighborhood,cold,370.0
424,4.0,neighborhood,hot,375.0
425,4.0,neighborhood,hot,377.0
426,4.0,neighborhood,hot,379.0
427,4.0,neighborhood,cold,382.0
428,4.0,neighborhood,hot,384.0
429,4.0,neighborhood,hot,385.0
430,4.0,neighborhood,cold,388.0
431,4.0,neighborhood,cold,407.0
432,4.0,neighborhood,cold,411.0
433,4.0,neighborhood,hot,412.0
434,4.0,neighborhood,hot,413.0
435,4.0,neighborhood,hot,414.0
436,4.0,neighborhood,hot,418.0
437,4.0,neighborhood,hot,420.0
438,4.0,neighborhood,hot,424.0
439,4.0,neighborhood,hot,426.0
440,4.0,neighborhood,hot,429.0
441,4.0,neighborhood,cold,430.0
442,4.0,neighborhood,cold,440.0
443,4.0,neighborhood,cold,443.0
444,4.0,neighborhood,cold,446.0
445,4.0,neighborhood,hot,450.0
446,4.0,neighborhood,hot,451.0
447,4.0,neighborhood,hot,452.0
448,4.0,neighborhood,hot,454.0
449,4.0,neighborhood,hot,455.0
450,4.0,neighborhood,cold,456.0
451,4.0,neighborhood,cold,458.0
452,4.0,neighborhood,cold,460.0
453,4.0,neighborhood,hot,463.0
454,4.0,neighborhood,hot,464.0
455,4.0,neighborhood,cold,467.0
456,4.0,neighborhood,cold,469.0
457,4.0,neighborhood,cold,479.0
458,4.0,neighborhood,hot,480.0
459,4.0,neighborhood,hot,481.0
460,4.0,neighborhood,cold,482.0
461,4.0,neighborhood,hot,484.0
462,4.0,neighborhood,hot,489.0
463,4.0,neighborhood,hot,495.0
464,4.0,neighborhood,hot,496.0
465,4.0,neighborhood,cold,498.0
466,4.0,neighborhood,cold,506.0
467,4.0,neighborhood,hot,507.0
468,4.0,neighborhood,hot,509.0
469,4.0,neighborhood,cold,514.0
470,4.0,neighborhood,cold,518.0
471,4.0,neighborhood,cold,521.0
472,4.0,neighborhood,hot,529.0
473,4.0,neighborhood,cold,530.0
474,4.0,neighborhood,hot,537.0
475,4.0,neighborhood,cold,539.0
476,4.0,neighborhood,hot,540.0
477,4.0,neighborhood,cold,542.0
478,4.0,neighborhood,cold,543.0
479,4.0,neighborhood,cold,544.0
480,4.0,neighborhood,cold,545.0
481,4.0,neighborhood,cold,546.0
482,4.0,neighborhood,cold,547.0
483,4.0,neighborhood,cold,550.0
484,4.0,neighborhood,cold,556.0
485,4.0,neighborhood,hot,563.0
486,4.0,neighborhood,hot,566.0
487,4.0,neighborhood,hot,567.0
488,4.0,neighborhood,hot,571.0
489,4.0,neighborhood,cold,576.0
490,4.0,neighborhood,hot,577.0
491,4.0,neighborhood,cold,580.0
492,4.0,neighborhood,hot,585.0
493,4.0,neighborhood,cold,590.0
494,4.0,neighborhood,hot,591.0
495,4.0,neighborhood,cold,593.0
496,4.0,neighborhood,cold,594.0
497,4.0,neighborhood,hot,595.0
498,4.0,neighborhood,hot,597.0
499,4.0,neighborhood,cold,599.0
500,4.0,neighborhood,hot,603.0
501,4.0,neighborhood,cold,617.0
502,4.0,neighborhood,cold,619.0
503,4.0,neighborhood,hot,625.0
504,4.0,neighborhood,cold,626.0
505,4.0,neighborhood,cold,629.0
506,4.0,neighborhood,hot,631.0
507,4.0,neighborhood,cold,632.0
508,4.0,neighborhood,cold,633.0
509,4.0,neighborhood,hot,634.0
510,4.0,neighborhood,hot,637.0
511,4.0,neighborhood,cold,638.0
512,4.0,neighborhood,hot,641.0
513,4.0,neighborhood,hot,649.0
514,4.0,neighborhood,hot,653.0
515,4.0,neighborhood,cold,654.0
516,4.0,neighborhood,hot,660.0
517,4.0,neighborhood,hot,666.0
518,4.0,neighborhood,hot,668.0
519,4.0,neighborhood,cold,672.0
520,4.0,neighborhood,hot,673.0
521,4.0,neighborhood,hot,674.0
522,4.0,neighborhood,cold,677.0
523,4.0,neighborhood,cold,680.0
524,4.0,neighborhood,hot,682.0
525,4.0,neighborhood,hot,688.0
526,4.0,neighborhood,hot,689.0
527,4.0,neighborhood,hot,694.0
528,4.0,neighborhood,cold,695.0
529,4.0,neighborhood,hot,702.0
530,4.0,neighborhood,cold,703.0
531,4.0,neighborhood,hot,705.0
532,4.0,neighborhood,cold,713.0
533,4.0,neighborhood,hot,716.0
534,4.0,neighborhood,hot,717.0
535,4.0,neighborhood,cold,718.0
536,4.0,neighborhood,hot,720.0
537,4.0,neighborhood,hot,722.0
538,4.0,neighborhood,cold,723.0
539,4.0,neighborhood,cold,729.0
540,5.0,neighborhood,cold,101.0
541,5.0,neighborhood,hot,103.0
542,5.0,neighborhood,hot,105.0
543,5.0,neighborhood,cold,110.0
544,5.0,neighborhood,hot,113.0
545,5.0,neighborhood,hot,114.0
546,5.0,neighborhood,cold,115.0
547,5.0,neighborhood,cold,116.0
548,5.0,neighborhood,hot,119.0
549,5.0,neighborhood,cold,120.0
550,5.0,neighborhood,hot,122.0
551,5.0,neighborhood,cold,125.0
552,5.0,neighborhood,cold,127.0
553,5.0,neighborhood,cold,128.0
554,5.0,neighborhood,cold,129.0
555,5.0,neighborhood,cold,131.0
556,5.0,neighborhood,hot,135.0
557,5.0,neighborhood,cold,138.0
558,5.0,neighborhood,hot,145.0
559,5.0,neighborhood,cold,146.0
560,5.0,neighborhood,cold,148.0
561,5.0,neighborhood,hot,160.0
562,5.0,neighborhood,hot,161.0
563,5.0,neighborhood,hot,167.0
564,5.0,neighborhood,hot,168.0
565,5.0,neighborhood,hot,172.0
566,5.0,neighborhood,cold,174.0
567,5.0,neighborhood,hot,176.0
568,5.0,neighborhood,hot,185.0
569,5.0,neighborhood,cold,187.0
570,5.0,neighborhood,hot,190.0
571,5.0,neighborhood,cold,196.0
572,5.0,neighborhood,cold,202.0
573,5.0,neighborhood,cold,204.0
574,5.0,neighborhood,cold,205.0
575,5.0,neighborhood,cold,206.0
576,5.0,neighborhood,hot,209.0
577,5.0,neighborhood,hot,211.0
578,5.0,neighborhood,cold,212.0
579,5.0,neighborhood,hot,214.0
580,5.0,neighborhood,hot,215.0
581,5.0,neighborhood,hot,223.0
582,5.0,neighborhood,cold,224.0
583,5.0,neighborhood,hot,226.0
584,5.0,neighborhood,cold,230.0
585,5.0,neighborhood,hot,231.0
586,5.0,neighborhood,hot,234.0
587,5.0,neighborhood,cold,235.0
588,5.0,neighborhood,hot,239.0
589,5.0,neighborhood,hot,243.0
590,5.0,neighborhood,hot,244.0
591,5.0,neighborhood,cold,245.0
592,5.0,neighborhood,cold,248.0
593,5.0,neighborhood,hot,255.0
594,5.0,neighborhood,cold,256.0
595,5.0,neighborhood,hot,259.0
596,5.0,neighborhood,cold,262.0
597,5.0,neighborhood,cold,264.0
598,5.0,neighborhood,hot,269.0
599,5.0,neighborhood,hot,270.0
600,5.0,neighborhood,hot,272.0
601,5.0,neighborhood,hot,273.0
602,5.0,neighborhood,hot,274.0
603,5.0,neighborhood,cold,287.0
604,5.0,neighborhood,hot,294.0
605,5.0,neighborhood,hot,299.0
606,5.0,neighborhood,hot,305.0
607,5.0,neighborhood,cold,308.0
608,5.0,neighborhood,hot,309.0
609,5.0,neighborhood,hot,312.0
610,5.0,neighborhood,hot,315.0
611,5.0,neighborhood,cold,316.0
612,5.0,neighborhood,hot,322.0
613,5.0,neighborhood,cold,324.0
614,5.0,neighborhood,cold,325.0
615,5.0,neighborhood,cold,327.0
616,5.0,neighborhood,hot,328.0
617,5.0,neighborhood,cold,329.0
618,5.0,neighborhood,cold,334.0
619,5.0,neighborhood,hot,335.0
620,5.0,neighborhood,hot,336.0
621,5.0,neighborhood,hot,338.0
622,5.0,neighborhood,cold,339.0
623,5.0,neighborhood,hot,341.0
624,5.0,neighborhood,hot,343.0
625,5.0,neighborhood,hot,347.0
626,5.0,neighborhood,cold,349.0
627,5.0,neighborhood,hot,351.0
628,5.0,neighborhood,hot,358.0
629,5.0,neighborhood,cold,359.0
630,5.0,neighborhood,cold,361.0
631,5.0,neighborhood,cold,362.0
632,5.0,neighborhood,hot,363.0
633,5.0,neighborhood,cold,367.0
634,5.0,neighborhood,cold,370.0
635,5.0,neighborhood,hot,379.0
636,5.0,neighborhood,cold,382.0
637,5.0,neighborhood,cold,384.0
638,5.0,neighborhood,hot,385.0
639,5.0,neighborhood,cold,386.0
640,5.0,neighborhood,hot,389.0
641,5.0,neighborhood,cold,393.0
642,5.0,neighborhood,cold,401.0
643,5.0,neighborhood,cold,404.0
644,5.0,neighborhood,cold,407.0
645,5.0,neighborhood,hot,409.0
646,5.0,neighborhood,hot,412.0
647,5.0,neighborhood,hot,413.0
648,5.0,neighborhood,hot,420.0
649,5.0,neighborhood,cold,424.0
650,5.0,neighborhood,hot,429.0
651,5.0,neighborhood,cold,432.0
652,5.0,neighborhood,cold,434.0
653,5.0,neighborhood,hot,439.0
654,5.0,neighborhood,hot,441.0
655,5.0,neighborhood,cold,445.0
656,5.0,neighborhood,cold,446.0
657,5.0,neighborhood,hot,450.0
658,5.0,neighborhood,hot,451.0
659,5.0,neighborhood,hot,454.0
660,5.0,neighborhood,hot,455.0
661,5.0,neighborhood,cold,458.0
662,5.0,neighborhood,hot,463.0
663,5.0,neighborhood,hot,464.0
664,5.0,neighborhood,cold,471.0
665,5.0,neighborhood,cold,473.0
666,5.0,neighborhood,hot,479.0
667,5.0,neighborhood,hot,480.0
668,5.0,neighborhood,hot,481.0
669,5.0,neighborhood,cold,482.0
670,5.0,neighborhood,hot,483.0
671,5.0,neighborhood,cold,484.0
672,5.0,neighborhood,hot,489.0
673,5.0,neighborhood,hot,490.0
674,5.0,neighborhood,cold,493.0
675,5.0,neighborhood,hot,495.0
676,5.0,neighborhood,hot,506.0
677,5.0,neighborhood,cold,511.0
678,5.0,neighborhood,hot,512.0
679,5.0,neighborhood,hot,514.0
680,5.0,neighborhood,cold,516.0
681,5.0,neighborhood,cold,517.0
682,5.0,neighborhood,cold,528.0
683,5.0,neighborhood,hot,529.0
684,5.0,neighborhood,hot,531.0
685,5.0,neighborhood,cold,533.0
686,5.0,neighborhood,hot,536.0
687,5.0,neighborhood,hot,537.0
688,5.0,neighborhood,cold,539.0
689,5.0,neighborhood,cold,540.0
690,5.0,neighborhood,cold,542.0
691,5.0,neighborhood,cold,544.0
692,5.0,neighborhood,cold,545.0
693,5.0,neighborhood,hot,548.0
694,5.0,neighborhood,cold,550.0
695,5.0,neighborhood,cold,552.0
696,5.0,neighborhood,hot,553.0
697,5.0,neighborhood,hot,563.0
698,5.0,neighborhood,hot,566.0
699,5.0,neighborhood,hot,567.0
700,5.0,neighborhood,hot,575.0
701,5.0,neighborhood,cold,580.0
702,5.0,neighborhood,hot,585.0
703,5.0,neighborhood,cold,586.0
704,5.0,neighborhood,cold,590.0
705,5.0,neighborhood,hot,591.0
706,5.0,neighborhood,cold,593.0
707,5.0,neighborhood,cold,594.0
708,5.0,neighborhood,cold,595.0
709,5.0,neighborhood,hot,597.0
710,5.0,neighborhood,cold,617.0
711,5.0,neighborhood,cold,618.0
712,5.0,neighborhood,cold,619.0
713,5.0,neighborhood,cold,621.0
714,5.0,neighborhood,cold,626.0
715,5.0,neighborhood,cold,627.0
716,5.0,neighborhood,cold,632.0
717,5.0,neighborhood,hot,637.0
718,5.0,neighborhood,hot,642.0
719,5.0,neighborhood,cold,648.0
720,5.0,neighborhood,cold,649.0
721,5.0,neighborhood,cold,651.0
722,5.0,neighborhood,hot,653.0
723,5.0,neighborhood,cold,654.0
724,5.0,neighborhood,hot,657.0
725,5.0,neighborhood,hot,658.0
726,5.0,neighborhood,cold,659.0
727,5.0,neighborhood,hot,660.0
728,5.0,neighborhood,hot,662.0
729,5.0,neighborhood,hot,665.0
730,5.0,neighborhood,cold,667.0
731,5.0,neighborhood,hot,668.0
732,5.0,neighborhood,hot,672.0
733,5.0,neighborhood,cold,680.0
734,5.0,neighborhood,cold,694.0
735,5.0,neighborhood,cold,695.0
736,5.0,neighborhood,hot,702.0
737,5.0,neighborhood,hot,705.0
738,5.0,neighborhood,hot,710.0
739,5.0,neighborhood,cold,713.0
740,5.0,neighborhood,hot,716.0
741,5.0,neighborhood,hot,717.0
742,5.0,neighborhood,hot,722.0
743,5.0,neighborhood,hot,724.0
744,5.0,neighborhood,cold,727.0
745,5.0,neighborhood,cold,728.0
746,5.0,neighborhood,cold,729.0
747,6.0,neighborhood,cold,101.0
748,6.0,neighborhood,hot,103.0
749,6.0,neighborhood,hot,105.0
750,6.0,neighborhood,cold,107.0
751,6.0,neighborhood,hot,108.0
752,6.0,neighborhood,hot,109.0
753,6.0,neighborhood,cold,110.0
754,6.0,neighborhood,hot,113.0
755,6.0,neighborhood,cold,116.0
756,6.0,neighborhood,hot,119.0
757,6.0,neighborhood,cold,121.0
758,6.0,neighborhood,hot,122.0
759,6.0,neighborhood,cold,124.0
760,6.0,neighborhood,cold,125.0
761,6.0,neighborhood,cold,128.0
762,6.0,neighborhood,cold,131.0
763,6.0,neighborhood,hot,135.0
764,6.0,neighborhood,cold,138.0
765,6.0,neighborhood,cold,148.0
766,6.0,neighborhood,hot,152.0
767,6.0,neighborhood,hot,160.0
768,6.0,neighborhood,hot,167.0
769,6.0,neighborhood,hot,168.0
770,6.0,neighborhood,hot,172.0
771,6.0,neighborhood,cold,174.0
772,6.0,neighborhood,hot,176.0
773,6.0,neighborhood,hot,181.0
774,6.0,neighborhood,cold,182.0
775,6.0,neighborhood,hot,185.0
776,6.0,neighborhood,cold,186.0
777,6.0,neighborhood,hot,190.0
778,6.0,neighborhood,cold,194.0
779,6.0,neighborhood,cold,195.0
780,6.0,neighborhood,hot,209.0
781,6.0,neighborhood,hot,211.0
782,6.0,neighborhood,cold,212.0
783,6.0,neighborhood,cold,213.0
784,6.0,neighborhood,hot,214.0
785,6.0,neighborhood,hot,215.0
786,6.0,neighborhood,cold,218.0
787,6.0,neighborhood,cold,220.0
788,6.0,neighborhood,cold,221.0
789,6.0,neighborhood,hot,223.0
790,6.0,neighborhood,hot,226.0
791,6.0,neighborhood,hot,228.0
792,6.0,neighborhood,cold,232.0
793,6.0,neighborhood,hot,234.0
794,6.0,neighborhood,hot,235.0
795,6.0,neighborhood,cold,238.0
796,6.0,neighborhood,hot,239.0
797,6.0,neighborhood,hot,243.0
798,6.0,neighborhood,hot,244.0
799,6.0,neighborhood,cold,245.0
800,6.0,neighborhood,cold,248.0
801,6.0,neighborhood,cold,250.0
802,6.0,neighborhood,hot,252.0
803,6.0,neighborhood,cold,254.0
804,6.0,neighborhood,hot,259.0
805,6.0,neighborhood,cold,262.0
806,6.0,neighborhood,hot,267.0
807,6.0,neighborhood,hot,269.0
808,6.0,neighborhood,hot,270.0
809,6.0,neighborhood,hot,272.0
810,6.0,neighborhood,hot,273.0
811,6.0,neighborhood,hot,274.0
812,6.0,neighborhood,hot,278.0
813,6.0,neighborhood,cold,283.0
814,6.0,neighborhood,cold,290.0
815,6.0,neighborhood,cold,297.0
816,6.0,neighborhood,hot,299.0
817,6.0,neighborhood,hot,305.0
818,6.0,neighborhood,hot,307.0
819,6.0,neighborhood,cold,308.0
820,6.0,neighborhood,hot,309.0
821,6.0,neighborhood,hot,312.0
822,6.0,neighborhood,hot,313.0
823,6.0,neighborhood,hot,315.0
824,6.0,neighborhood,cold,318.0
825,6.0,neighborhood,cold,319.0
826,6.0,neighborhood,cold,320.0
827,6.0,neighborhood,hot,322.0
828,6.0,neighborhood,cold,324.0
829,6.0,neighborhood,cold,327.0
830,6.0,neighborhood,hot,328.0
831,6.0,neighborhood,cold,329.0
832,6.0,neighborhood,cold,334.0
833,6.0,neighborhood,hot,335.0
834,6.0,neighborhood,hot,336.0
835,6.0,neighborhood,cold,337.0
836,6.0,neighborhood,hot,338.0
837,6.0,neighborhood,cold,339.0
838,6.0,neighborhood,hot,343.0
839,6.0,neighborhood,cold,345.0
840,6.0,neighborhood,hot,347.0
841,6.0,neighborhood,cold,349.0
842,6.0,neighborhood,cold,350.0
843,6.0,neighborhood,hot,358.0
844,6.0,neighborhood,cold,359.0
845,6.0,neighborhood,cold,360.0
846,6.0,neighborhood,cold,362.0
847,6.0,neighborhood,hot,363.0
848,6.0,neighborhood,hot,366.0
849,6.0,neighborhood,cold,370.0
850,6.0,neighborhood,hot,379.0
851,6.0,neighborhood,cold,382.0
852,6.0,neighborhood,cold,386.0
853,6.0,neighborhood,hot,390.0
854,6.0,neighborhood,cold,395.0
855,6.0,neighborhood,cold,398.0
856,6.0,neighborhood,hot,400.0
857,6.0,neighborhood,cold,405.0
858,6.0,neighborhood,cold,407.0
859,6.0,neighborhood,hot,409.0
860,6.0,neighborhood,hot,412.0
861,6.0,neighborhood,hot,413.0
862,6.0,neighborhood,cold,415.0
863,6.0,neighborhood,hot,420.0
864,6.0,neighborhood,cold,424.0
865,6.0,neighborhood,hot,429.0
866,6.0,neighborhood,cold,431.0
867,6.0,neighborhood,hot,433.0
868,6.0,neighborhood,cold,434.0
869,6.0,neighborhood,hot,435.0
870,6.0,neighborhood,hot,439.0
871,6.0,neighborhood,hot,441.0
872,6.0,neighborhood,cold,442.0
873,6.0,neighborhood,cold,445.0
874,6.0,neighborhood,hot,450.0
875,6.0,neighborhood,hot,451.0
876,6.0,neighborhood,cold,453.0
877,6.0,neighborhood,hot,454.0
878,6.0,neighborhood,cold,458.0
879,6.0,neighborhood,hot,463.0
880,6.0,neighborhood,cold,466.0
881,6.0,neighborhood,cold,471.0
882,6.0,neighborhood,cold,473.0
883,6.0,neighborhood,hot,480.0
884,6.0,neighborhood,hot,481.0
885,6.0,neighborhood,cold,484.0
886,6.0,neighborhood,hot,489.0
887,6.0,neighborhood,hot,490.0
888,6.0,neighborhood,hot,495.0
889,6.0,neighborhood,cold,499.0
890,6.0,neighborhood,hot,500.0
891,6.0,neighborhood,hot,505.0
892,6.0,neighborhood,cold,506.0
893,6.0,neighborhood,cold,507.0
894,6.0,neighborhood,cold,511.0
895,6.0,neighborhood,hot,512.0
896,6.0,neighborhood,cold,513.0
897,6.0,neighborhood,hot,514.0
898,6.0,neighborhood,cold,515.0
899,6.0,neighborhood,cold,516.0
900,6.0,neighborhood,cold,518.0
901,6.0,neighborhood,cold,519.0
902,6.0,neighborhood,cold,524.0
903,6.0,neighborhood,hot,527.0
904,6.0,neighborhood,cold,528.0
905,6.0,neighborhood,hot,531.0
906,6.0,neighborhood,hot,536.0
907,6.0,neighborhood,hot,537.0
908,6.0,neighborhood,cold,539.0
909,6.0,neighborhood,cold,540.0
910,6.0,neighborhood,cold,542.0
911,6.0,neighborhood,cold,544.0
912,6.0,neighborhood,cold,545.0
913,6.0,neighborhood,cold,547.0
914,6.0,neighborhood,hot,548.0
915,6.0,neighborhood,hot,549.0
916,6.0,neighborhood,hot,550.0
917,6.0,neighborhood,cold,552.0
918,6.0,neighborhood,hot,553.0
919,6.0,neighborhood,cold,556.0
920,6.0,neighborhood,hot,563.0
921,6.0,neighborhood,hot,566.0
922,6.0,neighborhood,cold,569.0
923,6.0,neighborhood,cold,571.0
924,6.0,neighborhood,cold,572.0
925,6.0,neighborhood,hot,575.0
926,6.0,neighborhood,cold,578.0
927,6.0,neighborhood,hot,584.0
928,6.0,neighborhood,hot,585.0
929,6.0,neighborhood,cold,586.0
930,6.0,neighborhood,cold,590.0
931,6.0,neighborhood,hot,592.0
932,6.0,neighborhood,cold,594.0
933,6.0,neighborhood,cold,595.0
934,6.0,neighborhood,hot,597.0
935,6.0,neighborhood,hot,600.0
936,6.0,neighborhood,cold,601.0
937,6.0,neighborhood,hot,613.0
938,6.0,neighborhood,cold,616.0
939,6.0,neighborhood,cold,617.0
940,6.0,neighborhood,cold,619.0
941,6.0,neighborhood,cold,621.0
942,6.0,neighborhood,cold,625.0
943,6.0,neighborhood,cold,629.0
944,6.0,neighborhood,cold,632.0
945,6.0,neighborhood,cold,635.0
946,6.0,neighborhood,cold,640.0
947,6.0,neighborhood,cold,641.0
948,6.0,neighborhood,cold,648.0
949,6.0,neighborhood,cold,649.0
950,6.0,neighborhood,hot,652.0
951,6.0,neighborhood,hot,653.0
952,6.0,neighborhood,cold,654.0
953,6.0,neighborhood,hot,657.0
954,6.0,neighborhood,cold,658.0
955,6.0,neighborhood,hot,660.0
956,6.0,neighborhood,cold,664.0
957,6.0,neighborhood,cold,665.0
958,6.0,neighborhood,hot,670.0
959,6.0,neighborhood,hot,672.0
960,6.0,neighborhood,cold,675.0
961,6.0,neighborhood,hot,686.0
962,6.0,neighborhood,hot,689.0
963,6.0,neighborhood,cold,692.0
964,6.0,neighborhood,cold,695.0
965,6.0,neighborhood,hot,697.0
966,6.0,neighborhood,cold,699.0
967,6.0,neighborhood,cold,700.0
968,6.0,neighborhood,hot,702.0
969,6.0,neighborhood,hot,705.0
970,6.0,neighborhood,cold,708.0
971,6.0,neighborhood,cold,709.0
972,6.0,neighborhood,cold,714.0
973,6.0,neighborhood,hot,717.0
974,6.0,neighborhood,hot,720.0
975,6.0,neighborhood,hot,724.0
976,6.0,neighborhood,cold,726.0
977,6.0,neighborhood,cold,727.0
978,6.0,neighborhood,cold,729.0
979,7.0,neighborhood,cold,101.0
980,7.0,neighborhood,hot,102.0
981,7.0,neighborhood,hot,103.0
982,7.0,neighborhood,hot,105.0
983,7.0,neighborhood,hot,109.0
984,7.0,neighborhood,hot,119.0
985,7.0,neighborhood,cold,121.0
986,7.0,neighborhood,cold,125.0
987,7.0,neighborhood,hot,127.0
988,7.0,neighborhood,cold,128.0
989,7.0,neighborhood,cold,131.0
990,7.0,neighborhood,hot,133.0
991,7.0,neighborhood,hot,135.0
992,7.0,neighborhood,cold,138.0
993,7.0,neighborhood,cold,142.0
994,7.0,neighborhood,cold,148.0
995,7.0,neighborhood,hot,151.0
996,7.0,neighborhood,hot,152.0
997,7.0,neighborhood,hot,160.0
998,7.0,neighborhood,hot,161.0
999,7.0,neighborhood,hot,167.0
1000,7.0,neighborhood,hot,168.0
1001,7.0,neighborhood,hot,172.0
1002,7.0,neighborhood,cold,174.0
1003,7.0,neighborhood,hot,175.0
1004,7.0,neighborhood,hot,176.0
1005,7.0,neighborhood,cold,182.0
1006,7.0,neighborhood,hot,185.0
1007,7.0,neighborhood,cold,186.0
1008,7.0,neighborhood,cold,188.0
1009,7.0,neighborhood,hot,190.0
1010,7.0,neighborhood,cold,191.0
1011,7.0,neighborhood,hot,193.0
1012,7.0,neighborhood,cold,194.0
1013,7.0,neighborhood,cold,195.0
1014,7.0,neighborhood,cold,202.0
1015,7.0,neighborhood,cold,205.0
1016,7.0,neighborhood,cold,206.0
1017,7.0,neighborhood,hot,209.0
1018,7.0,neighborhood,hot,211.0
1019,7.0,neighborhood,cold,212.0
1020,7.0,neighborhood,hot,214.0
1021,7.0,neighborhood,hot,215.0
1022,7.0,neighborhood,cold,220.0
1023,7.0,neighborhood,cold,221.0
1024,7.0,neighborhood,hot,223.0
1025,7.0,neighborhood,hot,226.0
1026,7.0,neighborhood,hot,227.0
1027,7.0,neighborhood,hot,228.0
1028,7.0,neighborhood,hot,233.0
1029,7.0,neighborhood,hot,234.0
1030,7.0,neighborhood,hot,235.0
1031,7.0,neighborhood,cold,237.0
1032,7.0,neighborhood,cold,238.0
1033,7.0,neighborhood,hot,243.0
1034,7.0,neighborhood,hot,244.0
1035,7.0,neighborhood,cold,245.0
1036,7.0,neighborhood,hot,250.0
1037,7.0,neighborhood,cold,254.0
1038,7.0,neighborhood,hot,260.0
1039,7.0,neighborhood,cold,262.0
1040,7.0,neighborhood,hot,269.0
1041,7.0,neighborhood,hot,270.0
1042,7.0,neighborhood,hot,272.0
1043,7.0,neighborhood,hot,273.0
1044,7.0,neighborhood,hot,274.0
1045,7.0,neighborhood,cold,283.0
1046,7.0,neighborhood,cold,293.0
1047,7.0,neighborhood,cold,295.0
1048,7.0,neighborhood,hot,299.0
1049,7.0,neighborhood,hot,303.0
1050,7.0,neighborhood,hot,309.0
1051,7.0,neighborhood,hot,315.0
1052,7.0,neighborhood,cold,318.0
1053,7.0,neighborhood,cold,319.0
1054,7.0,neighborhood,cold,320.0
1055,7.0,neighborhood,cold,324.0
1056,7.0,neighborhood,cold,325.0
1057,7.0,neighborhood,cold,327.0
1058,7.0,neighborhood,hot,328.0
1059,7.0,neighborhood,hot,335.0
1060,7.0,neighborhood,hot,336.0
1061,7.0,neighborhood,cold,337.0
1062,7.0,neighborhood,hot,338.0
1063,7.0,neighborhood,cold,339.0
1064,7.0,neighborhood,hot,341.0
1065,7.0,neighborhood,hot,343.0
1066,7.0,neighborhood,cold,345.0
1067,7.0,neighborhood,hot,347.0
1068,7.0,neighborhood,hot,348.0
1069,7.0,neighborhood,cold,349.0
1070,7.0,neighborhood,hot,358.0
1071,7.0,neighborhood,cold,359.0
1072,7.0,neighborhood,cold,360.0
1073,7.0,neighborhood,cold,361.0
1074,7.0,neighborhood,cold,362.0
1075,7.0,neighborhood,hot,363.0
1076,7.0,neighborhood,hot,366.0
1077,7.0,neighborhood,cold,367.0
1078,7.0,neighborhood,cold,370.0
1079,7.0,neighborhood,hot,379.0
1080,7.0,neighborhood,cold,380.0
1081,7.0,neighborhood,cold,382.0
1082,7.0,neighborhood,cold,383.0
1083,7.0,neighborhood,cold,384.0
1084,7.0,neighborhood,hot,385.0
1085,7.0,neighborhood,cold,386.0
1086,7.0,neighborhood,cold,395.0
1087,7.0,neighborhood,hot,400.0
1088,7.0,neighborhood,cold,404.0
1089,7.0,neighborhood,cold,405.0
1090,7.0,neighborhood,cold,407.0
1091,7.0,neighborhood,hot,409.0
1092,7.0,neighborhood,hot,420.0
1093,7.0,neighborhood,hot,422.0
1094,7.0,neighborhood,cold,424.0
1095,7.0,neighborhood,hot,428.0
1096,7.0,neighborhood,cold,434.0
1097,7.0,neighborhood,hot,437.0
1098,7.0,neighborhood,hot,439.0
1099,7.0,neighborhood,cold,440.0
1100,7.0,neighborhood,hot,441.0
1101,7.0,neighborhood,hot,447.0
1102,7.0,neighborhood,hot,450.0
1103,7.0,neighborhood,hot,451.0
1104,7.0,neighborhood,hot,454.0
1105,7.0,neighborhood,cold,458.0
1106,7.0,neighborhood,cold,460.0
1107,7.0,neighborhood,hot,463.0
1108,7.0,neighborhood,hot,474.0
1109,7.0,neighborhood,hot,475.0
1110,7.0,neighborhood,hot,479.0
1111,7.0,neighborhood,hot,481.0
1112,7.0,neighborhood,cold,484.0
1113,7.0,neighborhood,hot,489.0
1114,7.0,neighborhood,hot,490.0
1115,7.0,neighborhood,hot,495.0
1116,7.0,neighborhood,hot,496.0
1117,7.0,neighborhood,cold,499.0
1118,7.0,neighborhood,hot,500.0
1119,7.0,neighborhood,cold,506.0
1120,7.0,neighborhood,cold,511.0
1121,7.0,neighborhood,hot,512.0
1122,7.0,neighborhood,cold,513.0
1123,7.0,neighborhood,cold,519.0
1124,7.0,neighborhood,cold,524.0
1125,7.0,neighborhood,hot,527.0
1126,7.0,neighborhood,cold,528.0
1127,7.0,neighborhood,hot,529.0
1128,7.0,neighborhood,hot,531.0
1129,7.0,neighborhood,hot,536.0
1130,7.0,neighborhood,hot,537.0
1131,7.0,neighborhood,cold,539.0
1132,7.0,neighborhood,cold,540.0
1133,7.0,neighborhood,cold,542.0
1134,7.0,neighborhood,cold,544.0
1135,7.0,neighborhood,hot,545.0
1136,7.0,neighborhood,cold,547.0
1137,7.0,neighborhood,hot,548.0
1138,7.0,neighborhood,hot,553.0
1139,7.0,neighborhood,hot,562.0
1140,7.0,neighborhood,hot,563.0
1141,7.0,neighborhood,hot,566.0
1142,7.0,neighborhood,hot,567.0
1143,7.0,neighborhood,cold,571.0
1144,7.0,neighborhood,cold,572.0
1145,7.0,neighborhood,hot,575.0
1146,7.0,neighborhood,cold,576.0
1147,7.0,neighborhood,cold,578.0
1148,7.0,neighborhood,cold,586.0
1149,7.0,neighborhood,cold,590.0
1150,7.0,neighborhood,cold,594.0
1151,7.0,neighborhood,hot,595.0
1152,7.0,neighborhood,hot,597.0
1153,7.0,neighborhood,cold,601.0
1154,7.0,neighborhood,hot,602.0
1155,7.0,neighborhood,hot,613.0
1156,7.0,neighborhood,cold,614.0
1157,7.0,neighborhood,hot,615.0
1158,7.0,neighborhood,cold,616.0
1159,7.0,neighborhood,cold,617.0
1160,7.0,neighborhood,cold,618.0
1161,7.0,neighborhood,cold,619.0
1162,7.0,neighborhood,hot,623.0
1163,7.0,neighborhood,cold,625.0
1164,7.0,neighborhood,cold,626.0
1165,7.0,neighborhood,cold,629.0
1166,7.0,neighborhood,cold,631.0
1167,7.0,neighborhood,cold,632.0
1168,7.0,neighborhood,cold,633.0
1169,7.0,neighborhood,cold,635.0
1170,7.0,neighborhood,cold,640.0
1171,7.0,neighborhood,cold,641.0
1172,7.0,neighborhood,hot,644.0
1173,7.0,neighborhood,hot,648.0
1174,7.0,neighborhood,cold,649.0
1175,7.0,neighborhood,hot,652.0
1176,7.0,neighborhood,hot,653.0
1177,7.0,neighborhood,hot,660.0
1178,7.0,neighborhood,hot,665.0
1179,7.0,neighborhood,hot,672.0
1180,7.0,neighborhood,cold,676.0
1181,7.0,neighborhood,hot,677.0
1182,7.0,neighborhood,hot,679.0
1183,7.0,neighborhood,hot,682.0
1184,7.0,neighborhood,hot,687.0
1185,7.0,neighborhood,cold,694.0
1186,7.0,neighborhood,cold,695.0
1187,7.0,neighborhood,cold,699.0
1188,7.0,neighborhood,cold,700.0
1189,7.0,neighborhood,hot,702.0
1190,7.0,neighborhood,cold,703.0
1191,7.0,neighborhood,hot,705.0
1192,7.0,neighborhood,hot,710.0
1193,7.0,neighborhood,cold,716.0
1194,7.0,neighborhood,hot,717.0
1195,7.0,neighborhood,cold,719.0
1196,7.0,neighborhood,hot,722.0
1197,7.0,neighborhood,hot,724.0
1198,7.0,neighborhood,cold,727.0
1199,7.0,neighborhood,cold,729.0
1200,1.0,state,hot,103.0
1201,1.0,state,hot,105.0
1202,1.0,state,hot,172.0
1203,1.0,state,hot,209.0
1204,1.0,state,hot,215.0
1205,1.0,state,hot,244.0
1206,1.0,state,hot,269.0
1207,1.0,state,hot,279.0
1208,1.0,state,hot,294.0
1209,1.0,state,hot,322.0
1210,1.0,state,hot,335.0
1211,1.0,state,hot,338.0
1212,1.0,state,hot,347.0
1213,1.0,state,hot,375.0
1214,1.0,state,cold,384.0
1215,1.0,state,hot,441.0
1216,1.0,state,hot,451.0
1217,1.0,state,hot,463.0
1218,1.0,state,hot,484.0
1219,1.0,state,hot,512.0
1220,1.0,state,hot,537.0
1221,1.0,state,hot,548.0
1222,1.0,state,hot,549.0
1223,1.0,state,hot,563.0
1224,1.0,state,hot,575.0
1225,2.0,state,hot,103.0
1226,2.0,state,hot,172.0
1227,2.0,state,hot,209.0
1228,2.0,state,hot,215.0
1229,2.0,state,hot,244.0
1230,2.0,state,hot,269.0
1231,2.0,state,hot,272.0
1232,2.0,state,hot,279.0
1233,2.0,state,hot,294.0
1234,2.0,state,hot,305.0
1235,2.0,state,hot,322.0
1236,2.0,state,hot,335.0
1237,2.0,state,hot,338.0
1238,2.0,state,hot,347.0
1239,2.0,state,hot,363.0
1240,2.0,state,hot,375.0
1241,2.0,state,cold,384.0
1242,2.0,state,hot,441.0
1243,2.0,state,hot,451.0
1244,2.0,state,hot,463.0
1245,2.0,state,hot,484.0
1246,2.0,state,hot,512.0
1247,2.0,state,hot,529.0
1248,2.0,state,hot,537.0
1249,2.0,state,hot,548.0
1250,2.0,state,hot,549.0
1251,2.0,state,hot,563.0
1252,2.0,state,hot,575.0
1253,2.0,state,hot,724.0
1254,3.0,state,hot,102.0
1255,3.0,state,hot,103.0
1256,3.0,state,hot,119.0
1257,3.0,state,hot,123.0
1258,3.0,state,cold,127.0
1259,3.0,state,hot,157.0
1260,3.0,state,hot,169.0
1261,3.0,state,hot,172.0
1262,3.0,state,hot,176.0
1263,3.0,state,hot,185.0
1264,3.0,state,hot,190.0
1265,3.0,state,cold,203.0
1266,3.0,state,hot,209.0
1267,3.0,state,hot,211.0
1268,3.0,state,hot,215.0
1269,3.0,state,hot,230.0
1270,3.0,state,hot,243.0
1271,3.0,state,hot,244.0
1272,3.0,state,hot,250.0
1273,3.0,state,hot,252.0
1274,3.0,state,hot,259.0
1275,3.0,state,cold,263.0
1276,3.0,state,hot,272.0
1277,3.0,state,hot,274.0
1278,3.0,state,hot,279.0
1279,3.0,state,hot,287.0
1280,3.0,state,hot,294.0
1281,3.0,state,hot,295.0
1282,3.0,state,hot,298.0
1283,3.0,state,hot,300.0
1284,3.0,state,hot,314.0
1285,3.0,state,hot,316.0
1286,3.0,state,hot,326.0
1287,3.0,state,hot,333.0
1288,3.0,state,cold,334.0
1289,3.0,state,hot,335.0
1290,3.0,state,hot,338.0
1291,3.0,state,hot,340.0
1292,3.0,state,hot,341.0
1293,3.0,state,cold,350.0
1294,3.0,state,hot,353.0
1295,3.0,state,hot,354.0
1296,3.0,state,hot,363.0
1297,3.0,state,hot,368.0
1298,3.0,state,hot,375.0
1299,3.0,state,hot,377.0
1300,3.0,state,hot,379.0
1301,3.0,state,hot,384.0
1302,3.0,state,hot,387.0
1303,3.0,state,hot,395.0
1304,3.0,state,cold,406.0
1305,3.0,state,cold,407.0
1306,3.0,state,hot,409.0
1307,3.0,state,hot,413.0
1308,3.0,state,cold,416.0
1309,3.0,state,hot,424.0
1310,3.0,state,hot,426.0
1311,3.0,state,hot,428.0
1312,3.0,state,hot,429.0
1313,3.0,state,cold,436.0
1314,3.0,state,cold,437.0
1315,3.0,state,cold,441.0
1316,3.0,state,hot,450.0
1317,3.0,state,hot,454.0
1318,3.0,state,hot,470.0
1319,3.0,state,hot,475.0
1320,3.0,state,hot,484.0
1321,3.0,state,hot,485.0
1322,3.0,state,hot,496.0
1323,3.0,state,hot,512.0
1324,3.0,state,hot,520.0
1325,3.0,state,hot,523.0
1326,3.0,state,hot,529.0
1327,3.0,state,hot,537.0
1328,3.0,state,cold,545.0
1329,3.0,state,hot,549.0
1330,3.0,state,hot,560.0
1331,3.0,state,hot,567.0
1332,3.0,state,cold,570.0
1333,3.0,state,hot,574.0
1334,3.0,state,hot,575.0
1335,3.0,state,hot,585.0
1336,3.0,state,cold,619.0
1337,3.0,state,cold,652.0
1338,3.0,state,hot,653.0
1339,3.0,state,hot,668.0
1340,3.0,state,hot,686.0
1341,3.0,state,hot,689.0
1342,3.0,state,hot,690.0
1343,3.0,state,cold,712.0
1344,3.0,state,cold,716.0
1345,3.0,state,hot,727.0
1346,4.0,state,hot,103.0
1347,4.0,state,hot,105.0
1348,4.0,state,hot,119.0
1349,4.0,state,hot,122.0
1350,4.0,state,cold,130.0
1351,4.0,state,hot,147.0
1352,4.0,state,hot,158.0
1353,4.0,state,hot,172.0
1354,4.0,state,hot,176.0
1355,4.0,state,hot,178.0
1356,4.0,state,hot,185.0
1357,4.0,state,hot,198.0
1358,4.0,state,hot,209.0
1359,4.0,state,hot,211.0
1360,4.0,state,hot,215.0
1361,4.0,state,hot,229.0
1362,4.0,state,hot,230.0
1363,4.0,state,hot,243.0
1364,4.0,state,hot,244.0
1365,4.0,state,cold,262.0
1366,4.0,state,hot,272.0
1367,4.0,state,hot,274.0
1368,4.0,state,hot,279.0
1369,4.0,state,hot,290.0
1370,4.0,state,hot,294.0
1371,4.0,state,hot,298.0
1372,4.0,state,hot,300.0
1373,4.0,state,hot,314.0
1374,4.0,state,hot,316.0
1375,4.0,state,hot,319.0
1376,4.0,state,cold,329.0
1377,4.0,state,hot,333.0
1378,4.0,state,cold,334.0
1379,4.0,state,hot,335.0
1380,4.0,state,hot,338.0
1381,4.0,state,hot,341.0
1382,4.0,state,cold,350.0
1383,4.0,state,hot,351.0
1384,4.0,state,hot,363.0
1385,4.0,state,hot,368.0
1386,4.0,state,hot,375.0
1387,4.0,state,hot,379.0
1388,4.0,state,hot,384.0
1389,4.0,state,hot,400.0
1390,4.0,state,cold,406.0
1391,4.0,state,hot,413.0
1392,4.0,state,hot,418.0
1393,4.0,state,hot,426.0
1394,4.0,state,hot,429.0
1395,4.0,state,cold,441.0
1396,4.0,state,hot,450.0
1397,4.0,state,hot,451.0
1398,4.0,state,hot,452.0
1399,4.0,state,hot,454.0
1400,4.0,state,hot,463.0
1401,4.0,state,hot,475.0
1402,4.0,state,hot,484.0
1403,4.0,state,hot,512.0
1404,4.0,state,hot,520.0
1405,4.0,state,hot,529.0
1406,4.0,state,hot,537.0
1407,4.0,state,hot,540.0
1408,4.0,state,cold,545.0
1409,4.0,state,hot,549.0
1410,4.0,state,hot,553.0
1411,4.0,state,hot,563.0
1412,4.0,state,hot,567.0
1413,4.0,state,cold,580.0
1414,4.0,state,hot,598.0
1415,4.0,state,hot,603.0
1416,4.0,state,cold,618.0
1417,4.0,state,hot,625.0
1418,4.0,state,hot,631.0
1419,4.0,state,hot,634.0
1420,4.0,state,hot,641.0
1421,4.0,state,cold,652.0
1422,4.0,state,hot,653.0
1423,4.0,state,hot,660.0
1424,4.0,state,hot,666.0
1425,4.0,state,hot,668.0
1426,4.0,state,hot,675.0
1427,4.0,state,cold,712.0
1428,4.0,state,cold,715.0
1429,4.0,state,hot,719.0
1430,5.0,state,hot,103.0
1431,5.0,state,hot,105.0
1432,5.0,state,hot,113.0
1433,5.0,state,hot,160.0
1434,5.0,state,hot,172.0
1435,5.0,state,hot,185.0
1436,5.0,state,hot,189.0
1437,5.0,state,hot,209.0
1438,5.0,state,hot,215.0
1439,5.0,state,hot,235.0
1440,5.0,state,hot,243.0
1441,5.0,state,hot,244.0
1442,5.0,state,hot,259.0
1443,5.0,state,cold,262.0
1444,5.0,state,hot,269.0
1445,5.0,state,hot,272.0
1446,5.0,state,hot,274.0
1447,5.0,state,hot,279.0
1448,5.0,state,hot,294.0
1449,5.0,state,hot,298.0
1450,5.0,state,hot,300.0
1451,5.0,state,hot,314.0
1452,5.0,state,hot,315.0
1453,5.0,state,hot,322.0
1454,5.0,state,hot,335.0
1455,5.0,state,hot,338.0
1456,5.0,state,hot,341.0
1457,5.0,state,hot,358.0
1458,5.0,state,hot,363.0
1459,5.0,state,hot,379.0
1460,5.0,state,cold,384.0
1461,5.0,state,hot,400.0
1462,5.0,state,hot,409.0
1463,5.0,state,hot,413.0
1464,5.0,state,cold,424.0
1465,5.0,state,hot,429.0
1466,5.0,state,hot,441.0
1467,5.0,state,hot,450.0
1468,5.0,state,hot,451.0
1469,5.0,state,hot,483.0
1470,5.0,state,hot,484.0
1471,5.0,state,hot,512.0
1472,5.0,state,hot,529.0
1473,5.0,state,hot,536.0
1474,5.0,state,hot,537.0
1475,5.0,state,cold,545.0
1476,5.0,state,hot,548.0
1477,5.0,state,hot,549.0
1478,5.0,state,hot,553.0
1479,5.0,state,hot,563.0
1480,5.0,state,hot,575.0
1481,5.0,state,hot,635.0
1482,5.0,state,hot,642.0
1483,5.0,state,cold,648.0
1484,5.0,state,hot,653.0
1485,5.0,state,hot,660.0
1486,5.0,state,hot,668.0
1487,5.0,state,hot,672.0
1488,5.0,state,hot,687.0
1489,5.0,state,cold,694.0
1490,5.0,state,hot,705.0
1491,5.0,state,cold,712.0
1492,5.0,state,cold,715.0
1493,5.0,state,hot,724.0
1494,6.0,state,hot,103.0
1495,6.0,state,hot,105.0
1496,6.0,state,hot,113.0
1497,6.0,state,hot,114.0
1498,6.0,state,hot,172.0
1499,6.0,state,hot,185.0
1500,6.0,state,hot,209.0
1501,6.0,state,hot,211.0
1502,6.0,state,cold,212.0
1503,6.0,state,hot,214.0
1504,6.0,state,hot,215.0
1505,6.0,state,hot,229.0
1506,6.0,state,hot,230.0
1507,6.0,state,hot,243.0
1508,6.0,state,hot,244.0
1509,6.0,state,hot,252.0
1510,6.0,state,hot,259.0
1511,6.0,state,cold,262.0
1512,6.0,state,hot,266.0
1513,6.0,state,hot,269.0
1514,6.0,state,hot,272.0
1515,6.0,state,hot,273.0
1516,6.0,state,hot,274.0
1517,6.0,state,hot,279.0
1518,6.0,state,hot,294.0
1519,6.0,state,hot,309.0
1520,6.0,state,hot,314.0
1521,6.0,state,hot,315.0
1522,6.0,state,hot,322.0
1523,6.0,state,cold,334.0
1524,6.0,state,hot,335.0
1525,6.0,state,hot,336.0
1526,6.0,state,hot,338.0
1527,6.0,state,hot,341.0
1528,6.0,state,hot,347.0
1529,6.0,state,cold,356.0
1530,6.0,state,cold,362.0
1531,6.0,state,hot,363.0
1532,6.0,state,hot,379.0
1533,6.0,state,cold,384.0
1534,6.0,state,hot,400.0
1535,6.0,state,cold,403.0
1536,6.0,state,hot,409.0
1537,6.0,state,hot,411.0
1538,6.0,state,hot,413.0
1539,6.0,state,hot,420.0
1540,6.0,state,cold,424.0
1541,6.0,state,cold,434.0
1542,6.0,state,hot,441.0
1543,6.0,state,hot,450.0
1544,6.0,state,hot,451.0
1545,6.0,state,hot,463.0
1546,6.0,state,hot,484.0
1547,6.0,state,hot,512.0
1548,6.0,state,cold,516.0
1549,6.0,state,hot,527.0
1550,6.0,state,hot,529.0
1551,6.0,state,hot,536.0
1552,6.0,state,hot,537.0
1553,6.0,state,hot,548.0
1554,6.0,state,hot,549.0
1555,6.0,state,hot,553.0
1556,6.0,state,hot,563.0
1557,6.0,state,hot,566.0
1558,6.0,state,hot,575.0
1559,6.0,state,hot,635.0
1560,6.0,state,hot,642.0
1561,6.0,state,hot,653.0
1562,6.0,state,hot,660.0
1563,6.0,state,hot,668.0
1564,6.0,state,hot,671.0
1565,6.0,state,hot,672.0
1566,6.0,state,hot,687.0
1567,6.0,state,hot,702.0
1568,6.0,state,hot,705.0
1569,6.0,state,cold,715.0
1570,6.0,state,hot,720.0
1571,6.0,state,hot,724.0
1572,7.0,state,hot,103.0
1573,7.0,state,hot,105.0
1574,7.0,state,hot,127.0
1575,7.0,state,cold,138.0
1576,7.0,state,hot,172.0
1577,7.0,state,hot,185.0
1578,7.0,state,hot,209.0
1579,7.0,state,cold,212.0
1580,7.0,state,hot,214.0
1581,7.0,state,hot,215.0
1582,7.0,state,hot,226.0
1583,7.0,state,hot,228.0
1584,7.0,state,hot,229.0
1585,7.0,state,hot,230.0
1586,7.0,state,hot,243.0
1587,7.0,state,hot,244.0
1588,7.0,state,hot,259.0
1589,7.0,state,cold,262.0
1590,7.0,state,hot,266.0
1591,7.0,state,hot,269.0
1592,7.0,state,hot,272.0
1593,7.0,state,hot,274.0
1594,7.0,state,hot,279.0
1595,7.0,state,hot,309.0
1596,7.0,state,hot,314.0
1597,7.0,state,hot,315.0
1598,7.0,state,hot,322.0
1599,7.0,state,cold,334.0
1600,7.0,state,hot,335.0
1601,7.0,state,hot,336.0
1602,7.0,state,hot,338.0
1603,7.0,state,hot,341.0
1604,7.0,state,hot,347.0
1605,7.0,state,hot,348.0
1606,7.0,state,hot,363.0
1607,7.0,state,hot,375.0
1608,7.0,state,hot,379.0
1609,7.0,state,cold,384.0
1610,7.0,state,hot,385.0
1611,7.0,state,hot,400.0
1612,7.0,state,hot,409.0
1613,7.0,state,hot,413.0
1614,7.0,state,hot,420.0
1615,7.0,state,cold,424.0
1616,7.0,state,cold,427.0
1617,7.0,state,cold,434.0
1618,7.0,state,hot,441.0
1619,7.0,state,hot,450.0
1620,7.0,state,hot,451.0
1621,7.0,state,hot,454.0
1622,7.0,state,hot,484.0
1623,7.0,state,hot,489.0
1624,7.0,state,hot,495.0
1625,7.0,state,hot,512.0
1626,7.0,state,cold,516.0
1627,7.0,state,cold,520.0
1628,7.0,state,cold,524.0
1629,7.0,state,hot,525.0
1630,7.0,state,hot,527.0
1631,7.0,state,hot,529.0
1632,7.0,state,hot,536.0
1633,7.0,state,hot,537.0
1634,7.0,state,hot,545.0
1635,7.0,state,hot,548.0
1636,7.0,state,hot,549.0
1637,7.0,state,hot,553.0
1638,7.0,state,hot,563.0
1639,7.0,state,hot,566.0
1640,7.0,state,hot,575.0
1641,7.0,state,hot,588.0
1642,7.0,state,hot,589.0
1643,7.0,state,hot,635.0
1644,7.0,state,hot,642.0
1645,7.0,state,hot,653.0
1646,7.0,state,hot,660.0
1647,7.0,state,hot,668.0
1648,7.0,state,hot,672.0
1649,7.0,state,hot,687.0
1650,7.0,state,hot,702.0
1651,7.0,state,hot,705.0
1652,7.0,state,cold,712.0
1653,7.0,state,cold,715.0
1654,7.0,state,hot,722.0
1655,7.0,state,hot,724.0
